claim_id,claim,theorem_or_argument,proof_or_checker,source_or_test,experiment,figure_or_table,raw_result,maturity,boundary,fresh_recheck,independent_review
C01,Robust half-open freshness over an admitted interval is q < lo + TTL for all future q.,Main Eq. (1) and Lemma 2: half-open local and ancestral liveness,artifact/docs/semantics-and-proofs.md; freshcert/engine.py; freshcert/checker.py,tests/test_contract.py::test_half_open_deadline; invalid time controls,unit; faults,Main Sec. II-III,results/reference/faults.csv,proved specification; finite-checked implementation,Assumes admitted timestamp interval and q0 at or after every upper bound.,"2026-09-18: proof, integer bounds, half-open tests, and paper wording reconciled.",not performed
C02,AND derivations inherit the minimum ancestor deadline and union of all ancestor revocation supports.,Lemma 2: topological induction,artifact/docs/semantics-and-proofs.md; independent ancestry reconstruction in checker.py,tiny worlds; trace regimes; ancestry ablations,tiny; traces,Fig. 2; Main Sec. III,results/reference/tiny-cases.csv; results/reference/semantic-summary.json,proved specification; finite-checked implementation,Copy and finite-set union only; no disjunctive alternate derivations.,2026-09-18: proof and ancestry-expiry/revocation fault evidence rechecked.,not performed
C03,"For a forest alias cut, unique-route transfer exactly captures anchor visibility.",Lemma 3: unique forest route,artifact/docs/semantics-and-proofs.md; checker route walk,alias-chain regimes; alias fault controls,traces; faults,Fig. 2; Main Sec. III,results/reference/traces-02.csv; results/reference/faults.csv,proved specification; finite-checked implementation,"All admitted alias edges, including inactive ones, form an undirected forest.","2026-09-18: route, missing-path, duplicate-path, and alias-cycle checks rechecked.",not performed
C04,The unrestricted rank/deadline/support frontier preserves every future winner identity and value.,Theorem 4: exact retention / winner preservation,artifact/docs/semantics-and-proofs.md; frontier.py; independent replay,all abstract worlds and generated query contexts,tiny; traces,Main Thm. 4,results/reference/tiny-cases.csv; results/reference/semantic-summary.json,proved specification; finite-checked implementation,"Fixed cut, fixed token universe, immutable rank, monotone revocation.","2026-09-25: locations, target binding, legal parameter domain, and affected regression evidence rechecked.",not performed
C05,Every unrestricted frontier member has a constructive unique-winner context; the frontier is the unique minimum original-candidate sublist.,Theorem 5: q=d-1 and R=U\S witness,artifact/docs/semantics-and-proofs.md; tiny exact oracle,necessity witnesses; extremal direct witnesses,tiny; unit,Main Thm. 5,results/reference/tiny-cases.csv; tests/test_extremal.py,proved specification; finite-checked implementation,"Minimum is over identity-preserving sublists, not bits, circuits, or value-only encodings.","2026-09-25: locations, target binding, legal parameter domain, and affected regression evidence rechecked.",not performed
C06,"The exact unrestricted worst-case frontier size is min(M,D*2^u), and the bound is attained.",Theorem 6: summary-count upper bound and deadline-covering reverse-order construction,"artifact/docs/semantics-and-proofs.md; extremal.py::summary_bound,tight_summary_grid",small full-grid tests and direct witness enumeration,unit,Main Thm. 6; Table I,tests/test_extremal.py,proved specification; finite-checked construction,Counts distinct deadlines and fixed revocation tokens; sublist representation only.,"2026-09-25: locations, target binding, legal parameter domain, and affected regression evidence rechecked.",not performed
C07,"Expiry alone can force min(M,D) retention; with one deadline all M can be necessary iff u >= ceil(log2 M).",Corollary 7 of Theorem 6,"artifact/docs/semantics-and-proofs.md; extremal.py::expiry_ladder,support_code",128 expiry candidates; support-code sizes through 127,unit; scaling interpretation,Main Cor. 7; Table I,tests/test_extremal.py,proved specification; finite-checked construction,"Worst-case threshold, not expected workload size.","2026-09-25: locations, target binding, legal parameter domain, and affected regression evidence rechecked.",not performed
C08,"Canonical frontiers compose under compatible union, live filtering, and common alias transfer.",Theorem 8: transitivity and order preservation,artifact/docs/semantics-and-proofs.md; frontier.py::transfer,abstract composition/filter/order tests,tiny; unit,Main Thm. 8,results/reference/tiny-cases.csv; tests/test_contract.py,proved specification; finite-checked implementation,"Raw-stream merge is partial; incompatible policy, identity, or alias cycles are rejected.","2026-09-25: locations, target binding, legal parameter domain, and affected regression evidence rechecked.",not performed
C09,A chain of k alias diamonds can require 2^k explicit route supports.,Explicit-route construction,artifact/docs/semantics-and-proofs.md,written counterexample,proof only,Main Sec. IV-D,artifact/docs/semantics-and-proofs.md,proved representation-specific boundary,"Does not lower-bound circuits, graph algorithms, or other symbolic representations.",2026-09-18: boundary wording preserved in paper and artifact.,not performed
C10,"With at most b additional revocations, a candidate is possible iff differences from all higher no-shorter-lived candidates have a size-b hitting set.",Theorem 9: budgeted criterion,artifact/docs/semantics-and-proofs.md; frontier.py::budget_witness,three-candidate worlds; exact bounded searches,tiny; unit,Main Thm. 9,results/reference/tiny-cases.csv; tests/test_contract.py,proved specification; finite-checked implementation,Budget must be independently enforced from the origin cut; helper is limited to 20 relevant tokens.,"2026-09-25: locations, target binding, legal parameter domain, and affected regression evidence rechecked.",not performed
C11,"The exact budgeted worst-case possible-winner count is min(M,D*sum_{k=0}^{min(b,u)} C(u,k)), and the bound is attained.",Theorem 10: canonical-context injection and deadline-covering complement-support construction,"artifact/docs/semantics-and-proofs.md; extremal.py::budget_context_bound,tight_budget_grid","all small D,u,b grids; direct context enumeration",unit,Main Thm. 10; Table I,tests/test_extremal.py,proved specification; finite-checked construction,Worst-case cardinality law; does not make arbitrary membership search polynomial.,"2026-09-25: locations, target binding, legal parameter domain, and affected regression evidence rechecked.",not performed
C12,Variable-universe budgeted possible-winner membership is NP-complete.,Theorem 11: polynomial verification and Node Cover reduction,artifact/docs/semantics-and-proofs.md; paper proof,written reduction; bounded helper separated,proof only,Main Thm. 11,artifact/docs/semantics-and-proofs.md,proved specification,Complexity is for variable token universe; finite helper is exponential and bounded.,"2026-10-06: actual reduction reconciled with Karp's Main Theorem and problem 5 (Node Cover); selected primary pages read, not a full bibliography audit.",not performed
C13,Accepted certificates are sound and complete for the independently supplied valid cut and caller-selected entity/attribute target.,Theorem 12: reconstructed target-bound summaries plus exact coverage,checker.py; engine.py; docs proof,intake target-substitution regressions; certificate mutations; guards; traces; faults; unit,traces; faults; unit,Fig. 1; Main Thm. 12; Sec. VI,results/query-target-binding.json; results/reference/intake-certificate.json; results/reference/certificate-mutations.jsonl; results/reference/faults.csv,proved specification; finite-checked implementation,"Does not authenticate unseen ingress, clock, keys, source truth, policy quality, or caller intent before trusted target selection.","2026-09-25: locations, target binding, legal parameter domain, and affected regression evidence rechecked.",not performed
C14,"Verified caches match direct Boolean replay in all 4,608 frozen generated-query contexts.",Independent implementation agreement,checker.py direct replay versus verified cache,"six trace regimes, 192 cuts, two queries, twelve contexts",traces,Main Table II,results/reference/traces-00-queries.csv through traces-05-queries.csv; results/reference/semantic-summary.json,measured exact finite agreement,"Generated bounded schemas, not live Internet workloads or universal program proof.","2026-09-25: locations, target binding, legal parameter domain, and affected regression evidence rechecked.",not performed
C15,"Timestamp-only produces 1,751 unsafe returns; top-one produces 1,534 identity/completeness errors.",Declared baseline contracts,reproduce.py baseline implementations,"same 4,608 trace contexts",traces,Main Table II,results/reference/semantic-summary.json; results/reference/traces-*-queries.csv,measured finite result,Baseline labels are not claims about all existing systems; identity is part of output semantics.,"2026-09-25: locations, target binding, legal parameter domain, and affected regression evidence rechecked.",not performed
C16,"All 18 invalid streams, 20 effective certificate mutations, and four invalid cache queries are rejected; six valid controls are accepted.",Schema/semantic/certificate negative controls,engine.py; checker.py; test_contract.py,fault phase and unit suite,faults; unit,Supplement Tables II--III,results/reference/faults.csv; results/reference/certificate-mutations.jsonl,measured finite result,Rejection location is not proved least-causal; combinations are not exhaustive.,"2026-09-25: locations, target binding, legal parameter domain, and affected regression evidence rechecked.",not performed
C17,"At sizes 256,512,1024,2000, shared scopes retain one candidate, private scopes retain all candidates, and AND chains retain four.",Constructed semantic regimes,cases.py; engine/checker,12 scaling cuts,scale,Main Fig. 3; Table IV,results/reference/scaling-summary.csv; results/reference/scale-*-case.json,measured exact constructed result,Regimes discriminate theory boundaries; they do not estimate workload prevalence.,"2026-09-25: locations, target binding, legal parameter domain, and affected regression evidence rechecked.",not performed
C18,"At 2,000 private-scope candidates, frontier and matched full-cache warm queries are close while frontier certificate bootstrap is more expensive.",Matched-representation timing comparison,reproduce.py scaling harness,rotated timing batches,scale,Main Table IV,results/reference/scale-*-timing.csv; results/reference/scaling-summary.csv,measured descriptive result,Build/check/full setup have one observation per case; only warm queries have five batch means; no confidence interval or production-throughput claim.,"2026-09-25: locations, target binding, legal parameter domain, and affected regression evidence rechecked.",not performed
C19,"The retained historical Linux clean campaign reproduced 82,644 checks, 23 discrete files, and 18 stable non-timing tables exactly.",Clean extraction/reproduction contract,reproduce.py --all --compare; report.py,21 historical phases plus report regeneration,clean reproduction,Artifact availability; supplement reproduction section,results/clean/runtime-summary.json; results/clean/comparison.json; results/clean/unit-tests.txt,reproduced historical artifact evidence,Successful replay is not independent scientific review or proof of universal correctness.,Retained clean environment timestamps are 2026-09-26 UTC; not a new Linux execution of the current boundary-repaired source.,not performed
C20,The current separate regression suite passes 34 tests: 19 contract and 15 extremal.,Interface and theorem-witness regression,tests/test_contract.py; tests/test_extremal.py,current Windows unit run,unit,Main Sec. VII; supplement,tests/test_contract.py; tests/test_extremal.py; results/clean/unit-tests.txt (historical 31-test run),finite-checked implementation,"Test count is outside the frozen 82,644 campaign and is not a general proof or a Linux timing rerun.",2026-10-06: 34 current tests passed after budget-domain and construction-deadline repairs; historical raw log preserved.,not performed
C21,"The closest-work delta separates history commitment, candidate eligibility, and future answer completeness; generic provenance algebra and contingency methods are credited as foundations.",Recorded historical 12/5/5 calibration and scoped closest-work comparison,docs/research-boundaries.md; external_resources.csv; Main Sec. VIII,full-paper calibration; metadata verification,literature,Main Sec. VIII,external_resources.csv,scholarly synthesis; not a theorem,The inventory records historical calibration rather than independent full-text verification. Not exhaustive against unpublished work and not a guarantee of venue significance or acceptance.,"2026-09-18: 12 target-journal, 5 adjacent, 5 foundational/influential entries recorded; 24 manuscript references checked.",not performed
