name,scholarly_or_official_url,acquisition_url,license,access_date,resource_type,acquisition_method_and_read_status,integration_mode,supported_claim,internals_modified
Censys: A Map of Internet Hosts and Services,https://doi.org/10.1145/3718958.3754344,https://zakird.com/papers/censys-2025.pdf,Publisher/author copyright; not redistributed,2026-09-18,research paper,complete accessible paper inspected for adjacent-venue calibration,scholarly comparison only,"Continuous entity-map motivation, event journals/snapshots, coverage and freshness context",no
Basic Concepts and Taxonomy of Dependable and Secure Computing,https://doi.org/10.1109/TDSC.2004.2,https://www.landwehr.org/2004-aviz-laprie-randell.pdf,IEEE/author copyright; not redistributed,2026-09-18,research paper,complete 23-page paper and 70-entry bibliography inspected,target-venue and foundational calibration,Fault/error/failure taxonomy and separation of assumptions from achieved dependability,no
"Database Security—Concepts, Approaches, and Challenges",https://doi.org/10.1109/TDSC.2005.9,https://ieeexplore.ieee.org/document/1401889,IEEE copyright; not redistributed,2026-09-18,research paper,complete accessible article inspected for target-venue/foundational calibration,scholarly comparison only,"Authorization and revocation are policy semantics, not merely storage operations",no
Data-Provenance Verification for Secure Hosts,https://doi.org/10.1109/TDSC.2011.50,https://cseweb.ucsd.edu/~dstefan/pubs/xu:2011:data.pdf,IEEE/author copyright; not redistributed,2026-09-18,research paper,complete author copy inspected,target-venue calibration and manuscript reference,Authenticated host provenance differs from future candidate retention,no
Nymble: Blocking Misbehaving Users in Anonymizing Networks,https://doi.org/10.1109/TDSC.2009.38,https://homes.luddy.indiana.edu/kapadia/papers/nymble-tdsc.pdf,IEEE/author copyright; not redistributed,2026-09-18,research paper,complete main paper inspected,target-venue calibration and manuscript reference,Protocol freshness/revocation and trust-boundary comparison,no
"Design, Analysis, and Implementation of ARPKI",https://doi.org/10.1109/TDSC.2016.2601610,https://people.inf.ethz.ch/rsasse/pub/ARPKI-journal.pdf,IEEE/author copyright; not redistributed,2026-09-18,research paper,complete author copy inspected,target-venue calibration and manuscript reference,Accountable authentication and certificate lifecycle are an external trust layer,no
Freshness Authentication for Outsourced Multi-Version Key-Value Stores,https://doi.org/10.1109/TDSC.2022.3172380,https://www.eecis.udel.edu/~ruizhang/paper/Hu-TDSC22.pdf,IEEE/author copyright; not redistributed,2026-09-18,research paper,complete accepted main paper inspected; separate optimization supplement excluded,target-venue calibration and manuscript reference,Authenticated latest-version completeness versus policy-valid fallback retention,no
Advanced Persistent Threat Detection Using Data Provenance and Metric Learning,https://doi.org/10.1109/TDSC.2022.3221789,https://tsapps.nist.gov/publication/get_pdf.cfm?pub_id=935731,IEEE copyright; publicly hosted copy not redistributed,2026-09-18,research paper,complete main paper inspected,target-venue calibration and manuscript reference,Predictive provenance-feature detection is distinct from exact replay equivalence,no
Immutable Authentication and Integrity Schemes for Outsourced Databases,https://doi.org/10.1109/TDSC.2016.2530708,https://ieeexplore.ieee.org/document/7407660,IEEE copyright; not redistributed,2026-09-18,research paper,complete accessible article inspected,target-venue calibration and manuscript reference,Query authentication/immutability is stronger commitment but does not imply future fallback completeness,no
Maintainable Log Datasets for Evaluation of Intrusion Detection Systems,https://doi.org/10.1109/TDSC.2022.3201582,https://arxiv.org/pdf/2203.08580,IEEE/author copy; not redistributed,2026-09-18,research paper,complete paper inspected,target-venue calibration and manuscript reference,Synthetic/testbed datasets support reproducibility but do not prove deployment representativeness,no
Behavior-Based Anomaly Detection in Log Data of Physical Access Control Systems,https://doi.org/10.1109/TDSC.2022.3197265,https://www.skopik.at/ait/2023_tdsc-1.pdf,CC BY 4.0 copy; not redistributed in package,2026-09-18,research paper,complete 18-page paper and 46-entry bibliography inspected,target-venue calibration and manuscript reference,"Operational log models depend on training length, aging, and infrastructure changes",no
SAGA: Synthetic Audit Log Generation for APT Campaigns,https://doi.org/10.1109/TDSC.2025.3640696,https://arxiv.org/pdf/2411.13138,Author/publisher copyright; not redistributed,2026-09-18,research paper,complete accessible paper inspected,target-venue calibration and manuscript reference,Synthetic audit logs can test security-analysis tasks but do not establish Internet workload prevalence,no
Secure and Utility-Aware Data Collection with Condensed Local Differential Privacy,https://doi.org/10.1109/TDSC.2019.2949041,https://arxiv.org/pdf/1905.06361,Author/publisher copyright; not redistributed,2026-09-18,research paper,complete accessible paper inspected,target-venue calibration only,"Target-venue pattern combining formal guarantee, mechanisms, and multi-dataset utility evidence",no
Provenance Semirings,https://doi.org/10.1145/1265530.1265535,https://doi.org/10.1145/1265530.1265535,ACM copyright; not redistributed,2026-09-18,research paper,complete accessible paper inspected,adjacent-venue and foundational calibration; manuscript reference,General provenance algebra and semiring foundation,no
The Complexity of Causality and Responsibility for Query Answers and Non-Answers,https://doi.org/10.14778/1880172.1880176,https://www.vldb.org/pvldb/vol4/p34-meliou.pdf,Publisher copyright; not redistributed,2026-09-18,research paper,complete 12-page paper including appendix inspected,adjacent-venue and foundational calibration; manuscript reference,"Counterfactual contingencies, responsibility, and complexity are a close formal adversary",no
On the Limitations of Provenance for Queries with Difference,https://www.usenix.org/event/tapp11/tech/final_files/Amsterdamer.pdf,https://www.usenix.org/event/tapp11/tech/final_files/Amsterdamer.pdf,USENIX/author rights; not redistributed,2026-09-18,research paper,complete five-page paper inspected,adjacent-venue calibration and manuscript reference,Nonmonotone difference can violate desired provenance laws,no
Circuits for Datalog Provenance,https://doi.org/10.5441/002/icdt.2014.22,https://openproceedings.org/2014/conf/icdt/DeutchMRT14.pdf,Publisher/author notice; not redistributed,2026-09-18,research paper,complete accessible paper inspected,adjacent-venue calibration and manuscript reference,Circuit sharing prevents treating an explicit-list lower bound as a general encoding lower bound,no
Secure Audit Logs to Support Computer Forensics,https://doi.org/10.1145/317087.317089,https://doi.org/10.1145/317087.317089,ACM copyright; not redistributed,2026-09-18,research paper,complete accessible article inspected for foundational calibration,foundational calibration and manuscript reference,"Forward-secure audit history protects commitment, not semantic answer completeness",no
A New Approach to Secure Logging,https://doi.org/10.1145/1502777.1502779,https://doi.org/10.1145/1502777.1502779,ACM copyright; not redistributed,2026-09-18,research paper,bibliographic metadata and relevant security/construction sections inspected,manuscript reference,Secure logging is complementary to fixed-cut semantic checking,no
Efficient Data Structures for Tamper-Evident Logging,https://www.usenix.org/legacy/event/sec09/tech/full_papers/crosby.pdf,https://www.usenix.org/legacy/event/sec09/tech/full_papers/crosby.pdf,USENIX/author rights; not redistributed,2026-09-18,research paper,complete accessible paper and exact pagination inspected,manuscript reference,Efficient append-only commitment/consistency structures do not prove eligibility or retained fallback completeness,no
CONIKS: Bringing Key Transparency to End Users,https://www.usenix.org/conference/usenixsecurity15/technical-sessions/presentation/melara,https://www.usenix.org/system/files/conference/usenixsecurity15/sec15-paper-melara.pdf,USENIX/author rights; not redistributed,2026-09-18,research paper,complete accessible paper and exact pagination inspected,manuscript reference,Transparency and non-equivocation protect committed directory views,no
The Case of the Fake Picasso: Preventing History Forgery with Secure Provenance,https://www.usenix.org/legacy/events/fast09/tech/full_papers/hasan/hasan.pdf,https://www.usenix.org/legacy/events/fast09/tech/full_papers/hasan/hasan.pdf,USENIX/author rights; not redistributed,2026-09-18,research paper,complete accessible paper and exact pagination inspected,manuscript reference,Secure provenance prevents history forgery but does not select the minimum future-winner cache,no
Provenance-Aware Storage Systems,https://www.usenix.org/legacy/event/usenix06/tech/full_papers/muniswamy-reddy/muniswamy-reddy.pdf,https://www.usenix.org/legacy/event/usenix06/tech/full_papers/muniswamy-reddy/muniswamy-reddy.pdf,USENIX/author rights; not redistributed,2026-09-18,research paper,complete accessible paper and exact pagination inspected,manuscript reference,Automatic lineage capture and storage differ from temporal fallback retention,no
Why and Where: A Characterization of Data Provenance,https://doi.org/10.1007/3-540-44503-X_20,https://homepages.inf.ed.ac.uk/opb/papers/whyandwhere.pdf,Springer/author copyright; not redistributed,2026-09-18,research paper,complete accessible chapter inspected,manuscript reference,Why/where provenance motivates preserving evidence identity and origin,no
Reducibility Among Combinatorial Problems,https://doi.org/10.1007/978-1-4684-2001-2_9,https://doi.org/10.1007/978-1-4684-2001-2_9,Publisher copyright; not redistributed,2026-09-18,research chapter,standard Hitting Set source and bibliographic metadata checked,manuscript reference,NP-hardness source for the explicit reduction,no
TDSC author information,https://www.computer.org/csdl/journal/tq/write-for-us/15068,https://www.computer.org/csdl/journal/tq/write-for-us/15068,Publisher web terms; no copied content,2026-09-18,official guide,first-party route reopened; stored contract retained where page text was inaccessible,workflow source only,Live external-use rules must be rechecked by human authors before submission,no
IEEE AI-content submission policies,https://journals.ieeeauthorcenter.ieee.org/become-an-ieee-journal-author/publishing-ethics/guidelines-and-policies/submission-and-peer-review-policies/,https://open.ieee.org/author-guidelines-for-artificial-intelligence-ai-generated-text/,Publisher web terms; no copied content,2026-09-18,official policy,first-party policy inspected,workflow source only,Substantive AI assistance must be disclosed truthfully,no
IEEE journal template selector,https://template-selector.ieee.org/,https://template-selector.ieee.org/,Publisher web terms; no copied content,2026-09-18,official template source,official family source inspected; live final selection remains a human external-use check,workflow source only,Use current IEEE journal submission family without modifying class internals,no
IEEEtran.cls,https://ctan.org/pkg/ieeetran,supplied TEMPLATE.zip,LPPL 1.3 in unmodified file header,2026-09-18,publisher class,matched supplied template and structurally inspected,paper/IEEEtran.cls unmodified,IEEE journal typography and layout,no
IEEEtran.bst,https://ctan.org/pkg/ieeetran,local TeX distribution,LPPL 1.3 in unmodified file header,2026-09-18,bibliography style,standard citation-order style copied unmodified; .bbl maintained without claiming BibTeX execution,paper/IEEEtran.bst unmodified,IEEE-style ordered bibliography,no
Python standard library,https://docs.python.org/3/license.html,preinstalled runtime,Python Software Foundation License; no runtime redistributed,2026-09-18,execution dependency,preinstalled; no package download,ordinary imports only,Offline implementation and reproduction,no
"LaTeX, TikZ, PGFPlots, booktabs",https://ctan.org/pkg/pgfplots,preinstalled TeX distribution,Upstream package licenses; package internals not modified,2026-09-18,typesetting dependencies,preinstalled; ordinary documented interfaces,native paper figures and tables,Reproducible vector diagrams and data-derived plots,no
