case,regime,records,method,batch,query_calls,wall_ns,cpu_ns,wall_us_per_query
scale-private-2000,private,2000,direct,0,128,327319855,328040448,2557.1863671875
scale-private-2000,private,2000,full-compiled,0,128,26203737,23950423,204.7166953125
scale-private-2000,private,2000,verified,0,128,20981965,19999666,163.9216015625
scale-private-2000,private,2000,full-set-cache,0,128,19650465,20005269,153.5192578125
scale-private-2000,private,2000,full-compiled,1,128,25404557,28002805,198.4731015625
scale-private-2000,private,2000,verified,1,128,22080221,20054503,172.5017265625
scale-private-2000,private,2000,full-set-cache,1,128,18061532,19922725,141.10571875
scale-private-2000,private,2000,direct,1,128,161414346,160004026,1261.049578125
scale-private-2000,private,2000,verified,2,128,18471480,19998228,144.3084375
scale-private-2000,private,2000,full-set-cache,2,128,18105604,16001499,141.45003125
scale-private-2000,private,2000,direct,2,128,161508864,164006403,1261.788
scale-private-2000,private,2000,full-compiled,2,128,25261990,23995602,197.359296875
scale-private-2000,private,2000,full-set-cache,3,128,18454214,20000142,144.173546875
scale-private-2000,private,2000,direct,3,128,161807085,159989840,1264.1178515625
scale-private-2000,private,2000,full-compiled,3,128,22104496,23997963,172.691375
scale-private-2000,private,2000,verified,3,128,17963668,16000189,140.34115625
scale-private-2000,private,2000,direct,4,128,141867887,144016500,1108.3428671875
scale-private-2000,private,2000,full-compiled,4,128,22772394,19973985,177.909328125
scale-private-2000,private,2000,verified,4,128,22725845,24004395,177.5456640625
scale-private-2000,private,2000,full-set-cache,4,128,22343009,24003557,174.5547578125
