case,candidates,tokens,frontier,budget0,budget1,budget_unrestricted,contexts
abstract-000,2,3,1,1,1,1,32
abstract-001,2,3,1,1,1,1,32
abstract-002,2,3,1,1,1,1,32
abstract-003,2,3,2,2,2,2,32
abstract-004,2,3,1,1,1,1,32
abstract-005,2,3,1,1,1,1,32
abstract-006,2,3,2,2,2,2,32
abstract-007,2,3,2,2,2,2,32
abstract-008,2,3,1,1,1,1,32
abstract-009,2,3,2,1,2,2,32
abstract-010,2,3,2,1,2,2,32
abstract-011,2,3,2,1,2,2,32
abstract-012,2,3,2,2,2,2,32
abstract-013,2,3,2,1,2,2,32
abstract-014,2,3,2,1,2,2,32
abstract-015,2,3,2,2,2,2,32
abstract-016,2,3,2,2,2,2,32
abstract-017,2,3,2,1,2,2,32
abstract-018,2,3,2,1,2,2,32
abstract-019,2,3,2,1,2,2,32
abstract-020,2,3,2,1,2,2,32
abstract-021,2,3,2,2,2,2,32
abstract-022,2,3,2,1,2,2,32
abstract-023,2,3,2,1,2,2,32
abstract-024,2,3,2,2,2,2,32
abstract-025,2,3,2,2,2,2,32
abstract-026,2,3,2,1,2,2,32
abstract-027,2,3,2,1,2,2,32
abstract-028,2,3,2,1,2,2,32
abstract-029,2,3,2,1,2,2,32
abstract-030,2,3,2,2,2,2,32
abstract-031,2,3,2,1,2,2,32
abstract-032,2,3,2,1,2,2,32
abstract-033,2,3,2,2,2,2,32
abstract-034,2,3,2,2,2,2,32
abstract-035,2,3,2,1,2,2,32
abstract-036,2,3,2,1,2,2,32
abstract-037,2,3,2,1,2,2,32
abstract-038,2,3,2,1,2,2,32
abstract-039,2,3,2,2,2,2,32
abstract-040,2,3,2,1,2,2,32
abstract-041,2,3,2,1,2,2,32
abstract-042,2,3,2,2,2,2,32
abstract-043,2,3,2,2,2,2,32
abstract-044,2,3,2,1,2,2,32
abstract-045,2,3,2,1,2,2,32
abstract-046,2,3,2,1,2,2,32
abstract-047,2,3,2,1,2,2,32
abstract-048,2,3,2,2,2,2,32
abstract-049,2,3,2,1,2,2,32
abstract-050,2,3,2,1,2,2,32
abstract-051,2,3,2,2,2,2,32
abstract-052,2,3,2,2,2,2,32
abstract-053,2,3,2,1,2,2,32
abstract-054,2,3,2,1,2,2,32
abstract-055,2,3,2,1,2,2,32
abstract-056,2,3,2,1,2,2,32
abstract-057,2,3,2,2,2,2,32
abstract-058,2,3,2,1,2,2,32
abstract-059,2,3,2,1,2,2,32
abstract-060,2,3,2,2,2,2,32
abstract-061,2,3,2,2,2,2,32
abstract-062,2,3,2,1,2,2,32
abstract-063,2,3,2,1,2,2,32
abstract-064,2,3,2,1,2,2,32
abstract-065,2,3,2,1,2,2,32
abstract-066,2,3,2,2,2,2,32
abstract-067,2,3,2,1,2,2,32
abstract-068,2,3,2,1,2,2,32
abstract-069,2,3,2,2,2,2,32
abstract-070,2,3,2,2,2,2,32
abstract-071,2,3,2,1,2,2,32
abstract-072,2,3,1,1,1,1,32
abstract-073,2,3,1,1,1,1,32
abstract-074,2,3,1,1,1,1,32
abstract-075,2,3,2,2,2,2,32
abstract-076,2,3,1,1,1,1,32
abstract-077,2,3,1,1,1,1,32
abstract-078,2,3,2,2,2,2,32
abstract-079,2,3,2,2,2,2,32
abstract-080,2,3,1,1,1,1,32
abstract-081,2,3,1,1,1,1,32
abstract-082,2,3,1,1,1,1,32
abstract-083,2,3,1,1,1,1,32
abstract-084,2,3,2,2,2,2,32
abstract-085,2,3,1,1,1,1,32
abstract-086,2,3,1,1,1,1,32
abstract-087,2,3,2,2,2,2,32
abstract-088,2,3,2,2,2,2,32
abstract-089,2,3,1,1,1,1,32
abstract-090,2,3,2,1,2,2,32
abstract-091,2,3,2,1,2,2,32
abstract-092,2,3,2,1,2,2,32
abstract-093,2,3,2,2,2,2,32
abstract-094,2,3,2,1,2,2,32
abstract-095,2,3,2,1,2,2,32
abstract-096,2,3,2,2,2,2,32
abstract-097,2,3,2,2,2,2,32
abstract-098,2,3,2,1,2,2,32
abstract-099,2,3,2,1,2,2,32
abstract-100,2,3,2,1,2,2,32
abstract-101,2,3,2,1,2,2,32
abstract-102,2,3,2,2,2,2,32
abstract-103,2,3,2,1,2,2,32
abstract-104,2,3,2,1,2,2,32
abstract-105,2,3,2,2,2,2,32
abstract-106,2,3,2,2,2,2,32
abstract-107,2,3,2,1,2,2,32
abstract-108,2,3,2,1,2,2,32
abstract-109,2,3,2,1,2,2,32
abstract-110,2,3,2,1,2,2,32
abstract-111,2,3,2,2,2,2,32
abstract-112,2,3,2,1,2,2,32
abstract-113,2,3,2,1,2,2,32
abstract-114,2,3,2,2,2,2,32
abstract-115,2,3,2,2,2,2,32
abstract-116,2,3,2,1,2,2,32
abstract-117,2,3,2,1,2,2,32
abstract-118,2,3,2,1,2,2,32
abstract-119,2,3,2,1,2,2,32
abstract-120,2,3,2,2,2,2,32
abstract-121,2,3,2,1,2,2,32
abstract-122,2,3,2,1,2,2,32
abstract-123,2,3,2,2,2,2,32
abstract-124,2,3,2,2,2,2,32
abstract-125,2,3,2,1,2,2,32
abstract-126,2,3,2,1,2,2,32
abstract-127,2,3,2,1,2,2,32
abstract-128,2,3,2,1,2,2,32
abstract-129,2,3,2,2,2,2,32
abstract-130,2,3,2,1,2,2,32
abstract-131,2,3,2,1,2,2,32
abstract-132,2,3,2,2,2,2,32
abstract-133,2,3,2,2,2,2,32
abstract-134,2,3,2,1,2,2,32
abstract-135,2,3,2,1,2,2,32
abstract-136,2,3,2,1,2,2,32
abstract-137,2,3,2,1,2,2,32
abstract-138,2,3,2,2,2,2,32
abstract-139,2,3,2,1,2,2,32
abstract-140,2,3,2,1,2,2,32
abstract-141,2,3,2,2,2,2,32
abstract-142,2,3,2,2,2,2,32
abstract-143,2,3,2,1,2,2,32
abstract-144,2,3,1,1,1,1,32
abstract-145,2,3,1,1,1,1,32
abstract-146,2,3,1,1,1,1,32
abstract-147,2,3,2,2,2,2,32
abstract-148,2,3,1,1,1,1,32
abstract-149,2,3,1,1,1,1,32
abstract-150,2,3,2,2,2,2,32
abstract-151,2,3,2,2,2,2,32
abstract-152,2,3,1,1,1,1,32
abstract-153,2,3,2,1,2,2,32
abstract-154,2,3,2,1,2,2,32
abstract-155,2,3,2,1,2,2,32
abstract-156,2,3,2,2,2,2,32
abstract-157,2,3,2,1,2,2,32
abstract-158,2,3,2,1,2,2,32
abstract-159,2,3,2,2,2,2,32
abstract-160,2,3,2,2,2,2,32
abstract-161,2,3,2,1,2,2,32
abstract-162,2,3,1,1,1,1,32
abstract-163,2,3,1,1,1,1,32
abstract-164,2,3,1,1,1,1,32
abstract-165,2,3,2,2,2,2,32
abstract-166,2,3,1,1,1,1,32
abstract-167,2,3,1,1,1,1,32
abstract-168,2,3,2,2,2,2,32
abstract-169,2,3,2,2,2,2,32
abstract-170,2,3,1,1,1,1,32
abstract-171,2,3,2,1,2,2,32
abstract-172,2,3,2,1,2,2,32
abstract-173,2,3,2,1,2,2,32
abstract-174,2,3,2,2,2,2,32
abstract-175,2,3,2,1,2,2,32
abstract-176,2,3,2,1,2,2,32
abstract-177,2,3,2,2,2,2,32
abstract-178,2,3,2,2,2,2,32
abstract-179,2,3,2,1,2,2,32
abstract-180,2,3,2,1,2,2,32
abstract-181,2,3,2,1,2,2,32
abstract-182,2,3,2,1,2,2,32
abstract-183,2,3,2,2,2,2,32
abstract-184,2,3,2,1,2,2,32
abstract-185,2,3,2,1,2,2,32
abstract-186,2,3,2,2,2,2,32
abstract-187,2,3,2,2,2,2,32
abstract-188,2,3,2,1,2,2,32
abstract-189,2,3,2,1,2,2,32
abstract-190,2,3,2,1,2,2,32
abstract-191,2,3,2,1,2,2,32
abstract-192,2,3,2,2,2,2,32
abstract-193,2,3,2,1,2,2,32
abstract-194,2,3,2,1,2,2,32
abstract-195,2,3,2,2,2,2,32
abstract-196,2,3,2,2,2,2,32
abstract-197,2,3,2,1,2,2,32
abstract-198,2,3,2,1,2,2,32
abstract-199,2,3,2,1,2,2,32
abstract-200,2,3,2,1,2,2,32
abstract-201,2,3,2,2,2,2,32
abstract-202,2,3,2,1,2,2,32
abstract-203,2,3,2,1,2,2,32
abstract-204,2,3,2,2,2,2,32
abstract-205,2,3,2,2,2,2,32
abstract-206,2,3,2,1,2,2,32
abstract-207,2,3,2,1,2,2,32
abstract-208,2,3,2,1,2,2,32
abstract-209,2,3,2,1,2,2,32
abstract-210,2,3,2,2,2,2,32
abstract-211,2,3,2,1,2,2,32
abstract-212,2,3,2,1,2,2,32
abstract-213,2,3,2,2,2,2,32
abstract-214,2,3,2,2,2,2,32
abstract-215,2,3,2,1,2,2,32
abstract-216,2,3,1,1,1,1,32
abstract-217,2,3,1,1,1,1,32
abstract-218,2,3,1,1,1,1,32
abstract-219,2,3,2,2,2,2,32
abstract-220,2,3,1,1,1,1,32
abstract-221,2,3,1,1,1,1,32
abstract-222,2,3,2,2,2,2,32
abstract-223,2,3,2,2,2,2,32
abstract-224,2,3,1,1,1,1,32
abstract-225,2,3,1,1,1,1,32
abstract-226,2,3,1,1,1,1,32
abstract-227,2,3,1,1,1,1,32
abstract-228,2,3,2,2,2,2,32
abstract-229,2,3,1,1,1,1,32
abstract-230,2,3,1,1,1,1,32
abstract-231,2,3,2,2,2,2,32
abstract-232,2,3,2,2,2,2,32
abstract-233,2,3,1,1,1,1,32
abstract-234,2,3,1,1,1,1,32
abstract-235,2,3,1,1,1,1,32
abstract-236,2,3,1,1,1,1,32
abstract-237,2,3,2,2,2,2,32
abstract-238,2,3,1,1,1,1,32
abstract-239,2,3,1,1,1,1,32
abstract-240,2,3,2,2,2,2,32
abstract-241,2,3,2,2,2,2,32
abstract-242,2,3,1,1,1,1,32
abstract-243,2,3,1,1,1,1,32
abstract-244,2,3,1,1,1,1,32
abstract-245,2,3,1,1,1,1,32
abstract-246,2,3,2,2,2,2,32
abstract-247,2,3,1,1,1,1,32
abstract-248,2,3,1,1,1,1,32
abstract-249,2,3,2,2,2,2,32
abstract-250,2,3,2,2,2,2,32
abstract-251,2,3,1,1,1,1,32
abstract-252,2,3,2,1,2,2,32
abstract-253,2,3,2,1,2,2,32
abstract-254,2,3,2,1,2,2,32
abstract-255,2,3,2,2,2,2,32
abstract-256,2,3,2,1,2,2,32
abstract-257,2,3,2,1,2,2,32
abstract-258,2,3,2,2,2,2,32
abstract-259,2,3,2,2,2,2,32
abstract-260,2,3,2,1,2,2,32
abstract-261,2,3,2,1,2,2,32
abstract-262,2,3,2,1,2,2,32
abstract-263,2,3,2,1,2,2,32
abstract-264,2,3,2,2,2,2,32
abstract-265,2,3,2,1,2,2,32
abstract-266,2,3,2,1,2,2,32
abstract-267,2,3,2,2,2,2,32
abstract-268,2,3,2,2,2,2,32
abstract-269,2,3,2,1,2,2,32
abstract-270,2,3,2,1,2,2,32
abstract-271,2,3,2,1,2,2,32
abstract-272,2,3,2,1,2,2,32
abstract-273,2,3,2,2,2,2,32
abstract-274,2,3,2,1,2,2,32
abstract-275,2,3,2,1,2,2,32
abstract-276,2,3,2,2,2,2,32
abstract-277,2,3,2,2,2,2,32
abstract-278,2,3,2,1,2,2,32
abstract-279,2,3,2,1,2,2,32
abstract-280,2,3,2,1,2,2,32
abstract-281,2,3,2,1,2,2,32
abstract-282,2,3,2,2,2,2,32
abstract-283,2,3,2,1,2,2,32
abstract-284,2,3,2,1,2,2,32
abstract-285,2,3,2,2,2,2,32
abstract-286,2,3,2,2,2,2,32
abstract-287,2,3,2,1,2,2,32
abstract-288,2,3,1,1,1,1,32
abstract-289,2,3,1,1,1,1,32
abstract-290,2,3,1,1,1,1,32
abstract-291,2,3,2,2,2,2,32
abstract-292,2,3,1,1,1,1,32
abstract-293,2,3,1,1,1,1,32
abstract-294,2,3,2,2,2,2,32
abstract-295,2,3,2,2,2,2,32
abstract-296,2,3,1,1,1,1,32
abstract-297,2,3,2,1,2,2,32
abstract-298,2,3,2,1,2,2,32
abstract-299,2,3,2,1,2,2,32
abstract-300,2,3,2,2,2,2,32
abstract-301,2,3,2,1,2,2,32
abstract-302,2,3,2,1,2,2,32
abstract-303,2,3,2,2,2,2,32
abstract-304,2,3,2,2,2,2,32
abstract-305,2,3,2,1,2,2,32
abstract-306,2,3,2,1,2,2,32
abstract-307,2,3,2,1,2,2,32
abstract-308,2,3,2,1,2,2,32
abstract-309,2,3,2,2,2,2,32
abstract-310,2,3,2,1,2,2,32
abstract-311,2,3,2,1,2,2,32
abstract-312,2,3,2,2,2,2,32
abstract-313,2,3,2,2,2,2,32
abstract-314,2,3,2,1,2,2,32
abstract-315,2,3,2,1,2,2,32
abstract-316,2,3,2,1,2,2,32
abstract-317,2,3,2,1,2,2,32
abstract-318,2,3,2,2,2,2,32
abstract-319,2,3,2,1,2,2,32
abstract-320,2,3,2,1,2,2,32
abstract-321,2,3,2,2,2,2,32
abstract-322,2,3,2,2,2,2,32
abstract-323,2,3,2,1,2,2,32
abstract-324,2,3,1,1,1,1,32
abstract-325,2,3,1,1,1,1,32
abstract-326,2,3,1,1,1,1,32
abstract-327,2,3,2,2,2,2,32
abstract-328,2,3,1,1,1,1,32
abstract-329,2,3,1,1,1,1,32
abstract-330,2,3,2,2,2,2,32
abstract-331,2,3,2,2,2,2,32
abstract-332,2,3,1,1,1,1,32
abstract-333,2,3,2,1,2,2,32
abstract-334,2,3,2,1,2,2,32
abstract-335,2,3,2,1,2,2,32
abstract-336,2,3,2,2,2,2,32
abstract-337,2,3,2,1,2,2,32
abstract-338,2,3,2,1,2,2,32
abstract-339,2,3,2,2,2,2,32
abstract-340,2,3,2,2,2,2,32
abstract-341,2,3,2,1,2,2,32
abstract-342,2,3,2,1,2,2,32
abstract-343,2,3,2,1,2,2,32
abstract-344,2,3,2,1,2,2,32
abstract-345,2,3,2,2,2,2,32
abstract-346,2,3,2,1,2,2,32
abstract-347,2,3,2,1,2,2,32
abstract-348,2,3,2,2,2,2,32
abstract-349,2,3,2,2,2,2,32
abstract-350,2,3,2,1,2,2,32
abstract-351,2,3,2,1,2,2,32
abstract-352,2,3,2,1,2,2,32
abstract-353,2,3,2,1,2,2,32
abstract-354,2,3,2,2,2,2,32
abstract-355,2,3,2,1,2,2,32
abstract-356,2,3,2,1,2,2,32
abstract-357,2,3,2,2,2,2,32
abstract-358,2,3,2,2,2,2,32
abstract-359,2,3,2,1,2,2,32
abstract-360,2,3,1,1,1,1,32
abstract-361,2,3,1,1,1,1,32
abstract-362,2,3,1,1,1,1,32
abstract-363,2,3,2,2,2,2,32
abstract-364,2,3,1,1,1,1,32
abstract-365,2,3,1,1,1,1,32
abstract-366,2,3,2,2,2,2,32
abstract-367,2,3,2,2,2,2,32
abstract-368,2,3,1,1,1,1,32
abstract-369,2,3,1,1,1,1,32
abstract-370,2,3,1,1,1,1,32
abstract-371,2,3,1,1,1,1,32
abstract-372,2,3,2,2,2,2,32
abstract-373,2,3,1,1,1,1,32
abstract-374,2,3,1,1,1,1,32
abstract-375,2,3,2,2,2,2,32
abstract-376,2,3,2,2,2,2,32
abstract-377,2,3,1,1,1,1,32
abstract-378,2,3,2,1,2,2,32
abstract-379,2,3,2,1,2,2,32
abstract-380,2,3,2,1,2,2,32
abstract-381,2,3,2,2,2,2,32
abstract-382,2,3,2,1,2,2,32
abstract-383,2,3,2,1,2,2,32
abstract-384,2,3,2,2,2,2,32
abstract-385,2,3,2,2,2,2,32
abstract-386,2,3,2,1,2,2,32
abstract-387,2,3,2,1,2,2,32
abstract-388,2,3,2,1,2,2,32
abstract-389,2,3,2,1,2,2,32
abstract-390,2,3,2,2,2,2,32
abstract-391,2,3,2,1,2,2,32
abstract-392,2,3,2,1,2,2,32
abstract-393,2,3,2,2,2,2,32
abstract-394,2,3,2,2,2,2,32
abstract-395,2,3,2,1,2,2,32
abstract-396,2,3,1,1,1,1,32
abstract-397,2,3,1,1,1,1,32
abstract-398,2,3,1,1,1,1,32
abstract-399,2,3,2,2,2,2,32
abstract-400,2,3,1,1,1,1,32
abstract-401,2,3,1,1,1,1,32
abstract-402,2,3,2,2,2,2,32
abstract-403,2,3,2,2,2,2,32
abstract-404,2,3,1,1,1,1,32
abstract-405,2,3,1,1,1,1,32
abstract-406,2,3,1,1,1,1,32
abstract-407,2,3,1,1,1,1,32
abstract-408,2,3,2,2,2,2,32
abstract-409,2,3,1,1,1,1,32
abstract-410,2,3,1,1,1,1,32
abstract-411,2,3,2,2,2,2,32
abstract-412,2,3,2,2,2,2,32
abstract-413,2,3,1,1,1,1,32
abstract-414,2,3,2,1,2,2,32
abstract-415,2,3,2,1,2,2,32
abstract-416,2,3,2,1,2,2,32
abstract-417,2,3,2,2,2,2,32
abstract-418,2,3,2,1,2,2,32
abstract-419,2,3,2,1,2,2,32
abstract-420,2,3,2,2,2,2,32
abstract-421,2,3,2,2,2,2,32
abstract-422,2,3,2,1,2,2,32
abstract-423,2,3,2,1,2,2,32
abstract-424,2,3,2,1,2,2,32
abstract-425,2,3,2,1,2,2,32
abstract-426,2,3,2,2,2,2,32
abstract-427,2,3,2,1,2,2,32
abstract-428,2,3,2,1,2,2,32
abstract-429,2,3,2,2,2,2,32
abstract-430,2,3,2,2,2,2,32
abstract-431,2,3,2,1,2,2,32
abstract-432,2,3,1,1,1,1,32
abstract-433,2,3,1,1,1,1,32
abstract-434,2,3,1,1,1,1,32
abstract-435,2,3,2,2,2,2,32
abstract-436,2,3,1,1,1,1,32
abstract-437,2,3,1,1,1,1,32
abstract-438,2,3,2,2,2,2,32
abstract-439,2,3,2,2,2,2,32
abstract-440,2,3,1,1,1,1,32
abstract-441,2,3,2,1,2,2,32
abstract-442,2,3,2,1,2,2,32
abstract-443,2,3,2,1,2,2,32
abstract-444,2,3,2,2,2,2,32
abstract-445,2,3,2,1,2,2,32
abstract-446,2,3,2,1,2,2,32
abstract-447,2,3,2,2,2,2,32
abstract-448,2,3,2,2,2,2,32
abstract-449,2,3,2,1,2,2,32
abstract-450,2,3,1,1,1,1,32
abstract-451,2,3,1,1,1,1,32
abstract-452,2,3,1,1,1,1,32
abstract-453,2,3,2,2,2,2,32
abstract-454,2,3,1,1,1,1,32
abstract-455,2,3,1,1,1,1,32
abstract-456,2,3,2,2,2,2,32
abstract-457,2,3,2,2,2,2,32
abstract-458,2,3,1,1,1,1,32
abstract-459,2,3,2,1,2,2,32
abstract-460,2,3,2,1,2,2,32
abstract-461,2,3,2,1,2,2,32
abstract-462,2,3,2,2,2,2,32
abstract-463,2,3,2,1,2,2,32
abstract-464,2,3,2,1,2,2,32
abstract-465,2,3,2,2,2,2,32
abstract-466,2,3,2,2,2,2,32
abstract-467,2,3,2,1,2,2,32
abstract-468,2,3,1,1,1,1,32
abstract-469,2,3,1,1,1,1,32
abstract-470,2,3,1,1,1,1,32
abstract-471,2,3,2,2,2,2,32
abstract-472,2,3,1,1,1,1,32
abstract-473,2,3,1,1,1,1,32
abstract-474,2,3,2,2,2,2,32
abstract-475,2,3,2,2,2,2,32
abstract-476,2,3,1,1,1,1,32
abstract-477,2,3,2,1,2,2,32
abstract-478,2,3,2,1,2,2,32
abstract-479,2,3,2,1,2,2,32
abstract-480,2,3,2,2,2,2,32
abstract-481,2,3,2,1,2,2,32
abstract-482,2,3,2,1,2,2,32
abstract-483,2,3,2,2,2,2,32
abstract-484,2,3,2,2,2,2,32
abstract-485,2,3,2,1,2,2,32
abstract-486,2,3,1,1,1,1,32
abstract-487,2,3,1,1,1,1,32
abstract-488,2,3,1,1,1,1,32
abstract-489,2,3,2,2,2,2,32
abstract-490,2,3,1,1,1,1,32
abstract-491,2,3,1,1,1,1,32
abstract-492,2,3,2,2,2,2,32
abstract-493,2,3,2,2,2,2,32
abstract-494,2,3,1,1,1,1,32
abstract-495,2,3,2,1,2,2,32
abstract-496,2,3,2,1,2,2,32
abstract-497,2,3,2,1,2,2,32
abstract-498,2,3,2,2,2,2,32
abstract-499,2,3,2,1,2,2,32
abstract-500,2,3,2,1,2,2,32
abstract-501,2,3,2,2,2,2,32
abstract-502,2,3,2,2,2,2,32
abstract-503,2,3,2,1,2,2,32
abstract-504,2,3,1,1,1,1,32
abstract-505,2,3,1,1,1,1,32
abstract-506,2,3,1,1,1,1,32
abstract-507,2,3,2,2,2,2,32
abstract-508,2,3,1,1,1,1,32
abstract-509,2,3,1,1,1,1,32
abstract-510,2,3,2,2,2,2,32
abstract-511,2,3,2,2,2,2,32
abstract-512,2,3,1,1,1,1,32
abstract-513,2,3,1,1,1,1,32
abstract-514,2,3,1,1,1,1,32
abstract-515,2,3,1,1,1,1,32
abstract-516,2,3,2,2,2,2,32
abstract-517,2,3,1,1,1,1,32
abstract-518,2,3,1,1,1,1,32
abstract-519,2,3,2,2,2,2,32
abstract-520,2,3,2,2,2,2,32
abstract-521,2,3,1,1,1,1,32
abstract-522,2,3,1,1,1,1,32
abstract-523,2,3,1,1,1,1,32
abstract-524,2,3,1,1,1,1,32
abstract-525,2,3,2,2,2,2,32
abstract-526,2,3,1,1,1,1,32
abstract-527,2,3,1,1,1,1,32
abstract-528,2,3,2,2,2,2,32
abstract-529,2,3,2,2,2,2,32
abstract-530,2,3,1,1,1,1,32
abstract-531,2,3,1,1,1,1,32
abstract-532,2,3,1,1,1,1,32
abstract-533,2,3,1,1,1,1,32
abstract-534,2,3,2,2,2,2,32
abstract-535,2,3,1,1,1,1,32
abstract-536,2,3,1,1,1,1,32
abstract-537,2,3,2,2,2,2,32
abstract-538,2,3,2,2,2,2,32
abstract-539,2,3,1,1,1,1,32
abstract-540,2,3,1,1,1,1,32
abstract-541,2,3,1,1,1,1,32
abstract-542,2,3,1,1,1,1,32
abstract-543,2,3,2,2,2,2,32
abstract-544,2,3,1,1,1,1,32
abstract-545,2,3,1,1,1,1,32
abstract-546,2,3,2,2,2,2,32
abstract-547,2,3,2,2,2,2,32
abstract-548,2,3,1,1,1,1,32
abstract-549,2,3,1,1,1,1,32
abstract-550,2,3,1,1,1,1,32
abstract-551,2,3,1,1,1,1,32
abstract-552,2,3,2,2,2,2,32
abstract-553,2,3,1,1,1,1,32
abstract-554,2,3,1,1,1,1,32
abstract-555,2,3,2,2,2,2,32
abstract-556,2,3,2,2,2,2,32
abstract-557,2,3,1,1,1,1,32
abstract-558,2,3,1,1,1,1,32
abstract-559,2,3,1,1,1,1,32
abstract-560,2,3,1,1,1,1,32
abstract-561,2,3,2,2,2,2,32
abstract-562,2,3,1,1,1,1,32
abstract-563,2,3,1,1,1,1,32
abstract-564,2,3,2,2,2,2,32
abstract-565,2,3,2,2,2,2,32
abstract-566,2,3,1,1,1,1,32
abstract-567,2,3,1,1,1,1,32
abstract-568,2,3,1,1,1,1,32
abstract-569,2,3,1,1,1,1,32
abstract-570,2,3,2,2,2,2,32
abstract-571,2,3,1,1,1,1,32
abstract-572,2,3,1,1,1,1,32
abstract-573,2,3,2,2,2,2,32
abstract-574,2,3,2,2,2,2,32
abstract-575,2,3,1,1,1,1,32
abstract-576,3,2,1,1,1,1,16
abstract-577,3,2,1,1,1,1,16
abstract-578,3,2,3,3,3,3,16
abstract-579,3,2,2,1,2,2,16
abstract-580,3,2,2,1,2,2,16
abstract-581,3,2,3,3,3,3,16
abstract-582,3,2,2,1,2,2,16
abstract-583,3,2,2,1,2,2,16
abstract-584,3,2,3,3,3,3,16
abstract-585,3,2,2,1,2,2,16
abstract-586,3,2,2,1,2,2,16
abstract-587,3,2,3,3,3,3,16
abstract-588,3,2,1,1,1,1,16
abstract-589,3,2,1,1,1,1,16
abstract-590,3,2,3,3,3,3,16
abstract-591,3,2,2,1,2,2,16
abstract-592,3,2,2,1,2,2,16
abstract-593,3,2,3,3,3,3,16
abstract-594,3,2,3,1,2,3,16
abstract-595,3,2,3,1,2,3,16
abstract-596,3,2,3,3,3,3,16
abstract-597,3,2,3,1,3,3,16
abstract-598,3,2,3,1,3,3,16
abstract-599,3,2,3,3,3,3,16
abstract-600,3,2,1,1,1,1,16
abstract-601,3,2,1,1,1,1,16
abstract-602,3,2,3,3,3,3,16
abstract-603,3,2,3,1,2,3,16
abstract-604,3,2,3,1,2,3,16
abstract-605,3,2,3,3,3,3,16
abstract-606,3,2,2,1,2,2,16
abstract-607,3,2,2,1,2,2,16
abstract-608,3,2,3,3,3,3,16
abstract-609,3,2,3,1,3,3,16
abstract-610,3,2,3,1,3,3,16
abstract-611,3,2,3,3,3,3,16
abstract-612,3,2,1,1,1,1,16
abstract-613,3,2,1,1,1,1,16
abstract-614,3,2,3,3,3,3,16
abstract-615,3,2,2,1,2,2,16
abstract-616,3,2,2,1,2,2,16
abstract-617,3,2,3,3,3,3,16
abstract-618,3,2,2,1,2,2,16
abstract-619,3,2,2,1,2,2,16
abstract-620,3,2,3,3,3,3,16
abstract-621,3,2,2,1,2,2,16
abstract-622,3,2,2,1,2,2,16
abstract-623,3,2,3,3,3,3,16
abstract-624,3,2,1,1,1,1,16
abstract-625,3,2,1,1,1,1,16
abstract-626,3,2,3,3,3,3,16
abstract-627,3,2,2,1,2,2,16
abstract-628,3,2,2,1,2,2,16
abstract-629,3,2,3,3,3,3,16
abstract-630,3,2,2,1,2,2,16
abstract-631,3,2,2,1,2,2,16
abstract-632,3,2,3,3,3,3,16
abstract-633,3,2,2,1,2,2,16
abstract-634,3,2,2,1,2,2,16
abstract-635,3,2,3,3,3,3,16
abstract-636,3,2,1,1,1,1,16
abstract-637,3,2,1,1,1,1,16
abstract-638,3,2,3,3,3,3,16
abstract-639,3,2,1,1,1,1,16
abstract-640,3,2,1,1,1,1,16
abstract-641,3,2,3,3,3,3,16
abstract-642,3,2,2,1,2,2,16
abstract-643,3,2,2,1,2,2,16
abstract-644,3,2,3,3,3,3,16
abstract-645,3,2,2,1,2,2,16
abstract-646,3,2,2,1,2,2,16
abstract-647,3,2,3,3,3,3,16
abstract-648,3,2,1,1,1,1,16
abstract-649,3,2,1,1,1,1,16
abstract-650,3,2,3,3,3,3,16
abstract-651,3,2,2,1,2,2,16
abstract-652,3,2,2,1,2,2,16
abstract-653,3,2,3,3,3,3,16
abstract-654,3,2,2,1,2,2,16
abstract-655,3,2,2,1,2,2,16
abstract-656,3,2,3,3,3,3,16
abstract-657,3,2,3,1,3,3,16
abstract-658,3,2,3,1,3,3,16
abstract-659,3,2,3,3,3,3,16
abstract-660,3,2,1,1,1,1,16
abstract-661,3,2,1,1,1,1,16
abstract-662,3,2,3,3,3,3,16
abstract-663,3,2,1,1,1,1,16
abstract-664,3,2,1,1,1,1,16
abstract-665,3,2,3,3,3,3,16
abstract-666,3,2,2,1,2,2,16
abstract-667,3,2,2,1,2,2,16
abstract-668,3,2,3,3,3,3,16
abstract-669,3,2,2,1,2,2,16
abstract-670,3,2,2,1,2,2,16
abstract-671,3,2,3,3,3,3,16
abstract-672,3,2,1,1,1,1,16
abstract-673,3,2,1,1,1,1,16
abstract-674,3,2,3,3,3,3,16
abstract-675,3,2,2,1,2,2,16
abstract-676,3,2,2,1,2,2,16
abstract-677,3,2,3,3,3,3,16
abstract-678,3,2,2,1,2,2,16
abstract-679,3,2,2,1,2,2,16
abstract-680,3,2,3,3,3,3,16
abstract-681,3,2,2,1,2,2,16
abstract-682,3,2,2,1,2,2,16
abstract-683,3,2,3,3,3,3,16
abstract-684,3,2,1,1,1,1,16
abstract-685,3,2,1,1,1,1,16
abstract-686,3,2,3,3,3,3,16
abstract-687,3,2,2,1,2,2,16
abstract-688,3,2,2,1,2,2,16
abstract-689,3,2,3,3,3,3,16
abstract-690,3,2,2,1,2,2,16
abstract-691,3,2,2,1,2,2,16
abstract-692,3,2,3,3,3,3,16
abstract-693,3,2,3,1,3,3,16
abstract-694,3,2,3,1,3,3,16
abstract-695,3,2,3,3,3,3,16
abstract-696,3,2,1,1,1,1,16
abstract-697,3,2,1,1,1,1,16
abstract-698,3,2,3,3,3,3,16
abstract-699,3,2,2,1,2,2,16
abstract-700,3,2,2,1,2,2,16
abstract-701,3,2,3,3,3,3,16
abstract-702,3,2,1,1,1,1,16
abstract-703,3,2,1,1,1,1,16
abstract-704,3,2,3,3,3,3,16
abstract-705,3,2,2,1,2,2,16
abstract-706,3,2,2,1,2,2,16
abstract-707,3,2,3,3,3,3,16
abstract-708,3,2,1,1,1,1,16
abstract-709,3,2,1,1,1,1,16
abstract-710,3,2,3,3,3,3,16
abstract-711,3,2,2,1,2,2,16
abstract-712,3,2,2,1,2,2,16
abstract-713,3,2,3,3,3,3,16
abstract-714,3,2,1,1,1,1,16
abstract-715,3,2,1,1,1,1,16
abstract-716,3,2,3,3,3,3,16
abstract-717,3,2,2,1,2,2,16
abstract-718,3,2,2,1,2,2,16
abstract-719,3,2,3,3,3,3,16
abstract-720,3,2,1,1,1,1,16
abstract-721,3,2,1,1,1,1,16
abstract-722,3,2,3,3,3,3,16
abstract-723,3,2,2,1,2,2,16
abstract-724,3,2,2,1,2,2,16
abstract-725,3,2,3,3,3,3,16
abstract-726,3,2,2,1,2,2,16
abstract-727,3,2,2,1,2,2,16
abstract-728,3,2,3,3,3,3,16
abstract-729,3,2,2,1,2,2,16
abstract-730,3,2,2,1,2,2,16
abstract-731,3,2,3,3,3,3,16
abstract-732,3,2,1,1,1,1,16
abstract-733,3,2,1,1,1,1,16
abstract-734,3,2,3,3,3,3,16
abstract-735,3,2,1,1,1,1,16
abstract-736,3,2,1,1,1,1,16
abstract-737,3,2,3,3,3,3,16
abstract-738,3,2,2,1,2,2,16
abstract-739,3,2,2,1,2,2,16
abstract-740,3,2,3,3,3,3,16
abstract-741,3,2,2,1,2,2,16
abstract-742,3,2,2,1,2,2,16
abstract-743,3,2,3,3,3,3,16
abstract-744,3,2,1,1,1,1,16
abstract-745,3,2,1,1,1,1,16
abstract-746,3,2,3,3,3,3,16
abstract-747,3,2,2,1,2,2,16
abstract-748,3,2,2,1,2,2,16
abstract-749,3,2,3,3,3,3,16
abstract-750,3,2,1,1,1,1,16
abstract-751,3,2,1,1,1,1,16
abstract-752,3,2,3,3,3,3,16
abstract-753,3,2,2,1,2,2,16
abstract-754,3,2,2,1,2,2,16
abstract-755,3,2,3,3,3,3,16
abstract-756,3,2,1,1,1,1,16
abstract-757,3,2,1,1,1,1,16
abstract-758,3,2,3,3,3,3,16
abstract-759,3,2,1,1,1,1,16
abstract-760,3,2,1,1,1,1,16
abstract-761,3,2,3,3,3,3,16
abstract-762,3,2,1,1,1,1,16
abstract-763,3,2,1,1,1,1,16
abstract-764,3,2,3,3,3,3,16
abstract-765,3,2,1,1,1,1,16
abstract-766,3,2,1,1,1,1,16
abstract-767,3,2,3,3,3,3,16
