case,regime,query,records,events,eligible,frontier,bootstrap_bytes,frontier_entry_bytes,producer_parse_us,checker_parse_us,certificate_us,check_us
trace-160,private-scopes,0,71,71,31,29,4134,3898,1017.435,962.826,263.117,339.459
trace-160,private-scopes,1,71,71,29,29,4724,4484,1017.435,962.826,227.598,332.393
trace-161,private-scopes,0,71,71,30,30,4209,4006,1207.668,759.183,253.955,292.798
trace-161,private-scopes,1,71,71,28,28,4518,4240,1207.668,759.183,229.144,302.121
trace-162,private-scopes,0,71,71,32,32,4368,4240,1126.151,718.524,264.525,314.258
trace-162,private-scopes,1,71,71,30,30,4749,4547,1126.151,718.524,215.627,600.523
trace-163,private-scopes,0,71,71,32,32,4336,4208,839.442,1557.538,353.618,316.678
trace-163,private-scopes,1,71,71,32,32,4952,4825,839.442,1557.538,246.49,339.827
trace-164,private-scopes,0,71,71,30,27,3945,3635,830.633,732.159,212.459,590.195
trace-164,private-scopes,1,71,71,32,32,5094,4967,830.633,732.159,270.451,374.503
trace-165,private-scopes,0,71,72,25,25,3721,3328,853.795,959.547,201.511,580.395
trace-165,private-scopes,1,71,72,24,24,3997,3567,853.795,959.547,192.006,294.528
trace-166,private-scopes,0,71,71,29,29,4088,3847,923.013,763.566,217.263,399.801
trace-166,private-scopes,1,71,71,31,31,4807,4643,923.013,763.566,251.648,329.818
trace-167,private-scopes,0,71,71,31,31,4285,4120,1177.544,1071.087,235.756,392.275
trace-167,private-scopes,1,71,71,31,31,4825,4661,1177.544,1071.087,234.417,325.868
trace-168,private-scopes,0,71,71,30,25,3630,3248,978.591,715.411,232.625,304.12
trace-168,private-scopes,1,71,71,32,32,5100,4973,978.591,715.411,226.863,437.017
trace-169,private-scopes,0,71,71,32,32,4378,4250,822.399,705.68,234.648,306.383
trace-169,private-scopes,1,71,71,30,30,4737,4535,822.399,705.68,219.376,316.268
trace-170,private-scopes,0,71,71,31,31,4274,4109,820.289,708.054,233.151,319.28
trace-170,private-scopes,1,71,71,30,30,4720,4518,820.289,708.054,244.711,316.967
trace-171,private-scopes,0,71,71,31,31,4264,4099,804.723,721.192,231.032,298.951
trace-171,private-scopes,1,71,71,30,30,4721,4519,804.723,721.192,225.305,338.683
trace-172,private-scopes,0,71,71,30,28,4059,3785,818.633,722.978,214.389,365.295
trace-172,private-scopes,1,71,71,30,30,4857,4655,818.633,722.978,224.942,521.726
trace-173,private-scopes,0,71,71,31,31,4318,4153,814.212,807.269,257.496,308.332
trace-173,private-scopes,1,71,71,30,30,4734,4532,814.212,807.269,232.106,325.448
trace-174,private-scopes,0,71,71,29,29,4114,3873,1046.961,814.61,219.923,448.176
trace-174,private-scopes,1,71,71,31,31,4836,4672,1046.961,814.61,229.941,337.852
trace-175,private-scopes,0,71,71,31,31,4285,4120,867.052,743.827,246.184,331.687
trace-175,private-scopes,1,71,71,32,32,4980,4853,867.052,743.827,250.767,380.62
trace-176,private-scopes,0,71,72,21,21,3388,2843,827.686,722.271,172.32,239.95
trace-176,private-scopes,1,71,72,20,20,3650,3068,827.686,722.271,164.285,270.384
trace-177,private-scopes,0,71,71,30,30,4213,4010,1003.933,883.534,229.617,294.899
trace-177,private-scopes,1,71,71,31,31,4835,4671,1003.933,883.534,226.036,343.879
trace-178,private-scopes,0,71,71,32,32,4357,4229,1138.277,767.163,297.698,624.961
trace-178,private-scopes,1,71,71,30,30,4701,4499,1138.277,767.163,238.763,323.334
trace-179,private-scopes,0,71,71,28,28,3985,3706,838.484,737.172,219.036,268.985
trace-179,private-scopes,1,71,71,31,31,4836,4672,838.484,737.172,242.755,327.202
trace-180,private-scopes,0,71,71,31,29,4172,3936,895.256,1599.802,278.437,305.921
trace-180,private-scopes,1,71,71,27,27,4599,4283,895.256,1599.802,208.954,306.311
trace-181,private-scopes,0,71,71,32,32,4380,4252,808.434,728.834,239.472,303.729
trace-181,private-scopes,1,71,71,30,30,4751,4549,808.434,728.834,218.935,323.087
trace-182,private-scopes,0,71,71,32,32,4399,4271,834.717,721.19,246.371,312.065
trace-182,private-scopes,1,71,71,31,31,4868,4704,834.717,721.19,221.018,352.507
trace-183,private-scopes,0,71,71,29,29,4085,3844,890.709,746.589,215.235,298.53
trace-183,private-scopes,1,71,71,30,30,4786,4584,890.709,746.589,364.153,348.125
trace-184,private-scopes,0,71,71,31,29,4119,3883,828.619,808.151,235.243,299.033
trace-184,private-scopes,1,71,71,30,30,4878,4676,828.619,808.151,260.594,340.248
trace-185,private-scopes,0,71,71,31,31,4233,4068,875.097,736.231,239.375,426.492
trace-185,private-scopes,1,71,71,30,30,4712,4510,875.097,736.231,289.644,416.748
trace-186,private-scopes,0,71,71,31,31,4264,4099,809.856,731.464,233.293,294.11
trace-186,private-scopes,1,71,71,30,30,4700,4498,809.856,731.464,246.704,329.865
trace-187,private-scopes,0,71,72,26,26,3780,3425,3369.487,940.802,587.285,367.48
trace-187,private-scopes,1,71,72,22,22,3791,3285,3369.487,940.802,166.198,269.974
trace-188,private-scopes,0,71,71,32,29,4148,3913,935.199,1055.082,295.085,299.109
trace-188,private-scopes,1,71,71,30,30,4848,4646,935.199,1055.082,223.367,403.284
trace-189,private-scopes,0,71,71,29,29,4072,3831,1095.42,1198.403,223.835,349.713
trace-189,private-scopes,1,71,71,30,30,4746,4544,1095.42,1198.403,276.498,552.859
trace-190,private-scopes,0,71,71,30,30,4235,4032,818.618,734.305,241.443,461.829
trace-190,private-scopes,1,71,71,30,30,4681,4479,818.618,734.305,223.684,311.785
trace-191,private-scopes,0,71,71,30,30,4188,3985,837.049,728.853,230.385,313.338
trace-191,private-scopes,1,71,71,32,32,4971,4844,837.049,728.853,287.589,424.642
