bootstrap_bytes,case,checker_us,eligible,frontier,frontier_entry_bytes,full_set_setup_us,producer_us,records,regime,direct_median_us,direct_min_us,direct_max_us,full-compiled_median_us,full-compiled_min_us,full-compiled_max_us,verified_median_us,verified_min_us,verified_max_us,full-set-cache_median_us,full-set-cache_min_us,full-set-cache_max_us
9407,scale-shared-256,2867.988,256,1,94,2526.492,2797.601,256,shared,114.82140625,113.422265625,123.3777109375,14.1271484375,14.0205,14.85496875,0.7342421875,0.7279765625,0.7782109375,16.43571875,16.004515625,18.3535390625
18623,scale-shared-512,5338.314,512,1,94,5331.133,6549.096,512,shared,242.3191796875,238.179328125,268.6907109375,31.5425625,28.5604609375,40.417234375,0.815453125,0.7309453125,3.520875,32.578578125,30.9853046875,45.8290859375
37056,scale-shared-1024,10811.814,1024,1,94,49513.073,10442.986,1024,shared,472.3354609375,469.3784140625,498.955890625,56.8181328125,55.975921875,57.2203828125,0.8618515625,0.749890625,1.03234375,63.228921875,61.649421875,64.31634375
72192,scale-shared-2000,71789.267,2000,1,94,19086.25,20220.094,2000,shared,945.4503046875,933.1771328125,972.3255703125,109.800765625,109.364796875,112.4204375,0.8389296875,0.812796875,0.8930703125,128.0459453125,125.0051796875,167.901078125
27528,scale-private-256,9602.705,256,256,27393,2955.461,9463.614,256,private,123.917984375,121.3983125,131.51025,17.38621875,16.6822578125,18.108015625,16.3359609375,16.041765625,16.7722421875,16.2348671875,16.126578125,16.2894765625
54920,scale-private-512,34961.662,512,512,54785,5778.871,35369.91,512,private,274.3392578125,256.2551875,279.954234375,35.0029375,33.88421875,40.0131796875,31.7399609375,31.510234375,32.9953828125,35.05121875,31.959984375,43.012484375
109705,scale-private-1024,114734.496,1024,1024,109569,51104.55,135377.631,1024,private,511.85146875,505.4121953125,560.57896875,73.661578125,71.5518984375,78.85075,67.49678125,64.23215625,85.596890625,65.056296875,63.911203125,65.6745703125
214137,scale-private-2000,434859.857,2000,2000,214001,22649.949,642840.127,2000,private,1025.9198046875,1017.323515625,1054.0735546875,172.589484375,167.6334765625,199.685078125,128.397875,124.0619453125,145.183109375,129.1203046875,124.7244296875,162.833875
9637,scale-chain-256,14780.337,256,4,433,16647.04,3149.423,256,chain,125.62321875,120.1819375,137.508921875,9.56525,9.3317734375,11.0160390625,0.909265625,0.868578125,0.961296875,12.02459375,11.4644453125,13.258015625
18853,scale-chain-512,48940.405,512,4,433,51419.815,10279.683,512,chain,242.865390625,233.90840625,262.841390625,19.8954765625,18.5621328125,22.93171875,0.971078125,0.8947890625,0.988375,23.4243359375,22.7537890625,28.8538046875
37286,scale-chain-1024,200298.12,1024,4,433,271941.414,12298.402,1024,chain,496.44871875,486.6665703125,548.29909375,39.0211328125,37.8254921875,42.54990625,0.9680234375,0.940171875,1.00003125,46.5623046875,45.469640625,55.3502890625
72422,scale-chain-2000,881301.813,2000,4,433,753769.134,24678.217,2000,chain,938.447984375,933.350671875,950.9148125,72.2539765625,71.408328125,74.5415859375,0.9694375,0.91059375,1.0878984375,86.6977109375,84.732703125,88.3478515625
