regime,records,frontier,bootstrap_bytes,summary_bytes,producer_ms,checker_ms,full_setup_ms,full_us,verified_us,full_min_us,full_max_us,verified_min_us,verified_max_us
shared,256,1,9407,94,2.7976010000000002,2.867988,2.526492,16.43571875,0.7342421875,16.004515625,18.3535390625,0.7279765625,0.7782109375
shared,512,1,18623,94,6.549096,5.3383140000000004,5.3311329999999995,32.578578125,0.815453125,30.9853046875,45.8290859375,0.7309453125,3.520875
shared,1024,1,37056,94,10.442986000000001,10.811814,49.513073,63.228921875,0.8618515625,61.649421875,64.31634375,0.749890625,1.03234375
shared,2000,1,72192,94,20.220094,71.78926700000001,19.08625,128.0459453125,0.8389296875,125.0051796875,167.901078125,0.812796875,0.8930703125
private,256,256,27528,27393,9.463614,9.602705,2.9554609999999997,16.2348671875,16.3359609375,16.126578125,16.2894765625,16.041765625,16.7722421875
private,512,512,54920,54785,35.369910000000004,34.961662,5.7788710000000005,35.05121875,31.7399609375,31.959984375,43.012484375,31.510234375,32.9953828125
private,1024,1024,109705,109569,135.377631,114.734496,51.10455,65.056296875,67.49678125,63.911203125,65.6745703125,64.23215625,85.596890625
private,2000,2000,214137,214001,642.8401269999999,434.85985700000003,22.649949,129.1203046875,128.397875,124.7244296875,162.833875,124.0619453125,145.183109375
chain,256,4,9637,433,3.1494229999999996,14.780337,16.64704,12.02459375,0.909265625,11.4644453125,13.258015625,0.868578125,0.961296875
chain,512,4,18853,433,10.279683,48.940405,51.419815,23.4243359375,0.971078125,22.7537890625,28.8538046875,0.8947890625,0.988375
chain,1024,4,37286,433,12.298402,200.29811999999998,271.941414,46.5623046875,0.9680234375,45.469640625,55.3502890625,0.940171875,1.00003125
chain,2000,4,72422,433,24.678217,881.3018129999999,753.769134,86.6977109375,0.9694375,84.732703125,88.3478515625,0.91059375,1.0878984375
